INSERT INTO HangSanXuat values('HSX_0001',N'Nhật Bản',N'Honda'),
							  ('HSX_0002',N'Mỹ',N'Indian Motorcycle'),
							  ('HSX_0003',N'Anh',N'Triumph'),
							  ('HSX_0004',N'Nhật Bản',N'Yamaha'),
							  ('HSX_0005',N'Ý',N'Benelli'),
							  ('HSX_0006',N'Hoa Kỳ',N'Harley-Davidson'),
							  ('HSX_0007',N'Nhật Bản',N'Kawasaki'),
							  ('HSX_0008',N'Ý',N'Ducati'),
							  ('HSX_0009',N'Nhật Bản',N'Suzuki'),
							  ('HSX_0010',N'Đức',N'BMW'),
							  ('HSX_0011',N'Italy',N'Piaggio'),
							  ('HSX_0012',N'Đài Loan',N'SYM')
GO

INSERT INTO LoaiXe values('LX_0001',N'Xe số'),
						 ('LX_0002',N'Xe tay ga'),
						 ('LX_0003',N'Xe côn tay'),
						 ('LX_0004',N'Xe máy điện')
GO

INSERT INTO NhaCungCap values('NCC_0001',N'',N'138-140 Hoàng Diệu, P. 9, Q. 4, Tp. Hồ Chí Minh',N'ngochoacty138@yahoo.com.vn','0839400925',N'Công Ty TNHH Thương Mại Ngọc Hoa'),
							 ('NCC_0002',N'',N'278 Trần Văn Kiểu, P. 11, Q. 6, Tp. Hồ Chí Minh',N'bearings_duyentran@yahoo.com','0837558396',N'Công Ty TNHH KBK Việt Nam Bearing'),
							 ('NCC_0003',N'',N'27 Nguyễn Trung Trực, Phường Bến Thành, Quận 1, TP. Hồ Chí Minh ',N'tienlocco@hcm.vnn.vn','0835210350',N'CÔNG TY TNHH SẢN XUẤT VÀ THƯƠNG MẠI TIẾN LỘC'),
							 ('NCC_0004',N'',N'651 Âu Cơ, Phường Hòa Thạnh, Quận Tân Phú, TP Hồ Chí Minh',N'infomaluc@gmail.com.vn','0906358398',N'Công Ty TNHH Thương Mại Dịch Vụ Xuất Nhập Khẩu Mã Lực'),
							 ('NCC_0005',N'',N'Km 5 Đ. 9D KCN Nam, TP. Đông Hà, Tỉnh Quảng Trị',N'viethongchinh@yahoo.com','0942944357',N'Công Ty CPTM & XNK Việt Hồng Chinh'),
							 ('NCC_0006',N'',N'816 Võ Văn Kiệt, P. 5, Q. 5, Tp. Hồ Chí Minh',N'nhapkhau452@gmail.com','0856023452',N'CÔNG TY TNHH MTV Xe Máy Nhập Khẩu Sài Gòn')
GO

INSERT INTO Xe values('X_0001',N'',21300000,N'',N'Đen - Xanh - Xám',CAST(N'2020-05-04' AS DATE),110,N'Phanh đĩa, vành đúc',N'15468741A365424D34',N'JD5F123',N'Blade 110',N'Còn hàng','HSX_0001','LX_0001','NCC_0001')
INSERT INTO Xe values('X_0002',N'',21300000,N'',N'Đen - Đỏ - Xám',CAST(N'2020-05-04' AS DATE),110,N'Phanh đĩa, vành đúc',N'15368457E2354Y4647',N'JD5F124',N'Blade 110',N'Còn hàng','HSX_0001','LX_0001','NCC_0001'),
					 ('X_0003',N'',21300000,N'',N'Đen - Trắng - Bạc',CAST(N'2020-05-04' AS DATE),110,N'Phanh đĩa, vành đúc',N'15368457E2354Y4644',N'JD5F122',N'Blade 110',N'Còn hàng','HSX_0001','LX_0001','NCC_0001'),
					 ('X_0004',N'',21300000,N'',N'Đen - Xám',CAST(N'2020-05-04' AS DATE),110,N'Phanh cơ, vành nan hoa',N'15368457E2354Y4645',N'JD5F126',N'Blade 110',N'Còn hàng','HSX_0001','LX_0001','NCC_0001'),
					 ('X_0005',N'',18800000,N'',N'Xanh - Đen',CAST(N'2020-05-04' AS DATE),110,N'Phanh cơ, vành nan hoa',N'15368457E2354Y4646',N'JD5F127',N'Wave RSX FI 110',N'Còn hàng','HSX_0001','LX_0001','NCC_0001'),
					 ('X_0006',N'',18800000,N'',N'Đỏ - Đen',CAST(N'2020-05-04' AS DATE),110,N'Phanh cơ, vành nan hoa',N'15368457E2354Y4649',N'JD5F128',N'Wave RSX FI 110',N'Còn hàng','HSX_0001','LX_0001','NCC_0001'),
					 ('X_0007',N'',18800000,N'',N'Đen',CAST(N'2020-05-04' AS DATE),110,N'Phanh đĩa, vành nan hoa',N'15368457E2354Y4650',N'JD5F129',N'Wave RSX FI 110',N'Còn hàng','HSX_0001','LX_0001','NCC_0001'),
					 ('X_0008',N'',19800000,N'',N'Đỏ - Đen',CAST(N'2020-05-04' AS DATE),110,N'Phanh đĩa, vành nan hoa',N'15368457E2354Y4651',N'JD5F130',N'Wave RSX FI 110',N'Còn hàng','HSX_0001','LX_0001','NCC_0001'),
					 ('X_0009',N'',19800000,N'',N'Xanh - Đen',CAST(N'2020-05-04' AS DATE),110,N'Phanh đĩa, vành nan hoa',N'15368457E2354Y4652',N'JD5F131',N'Wave RSX FI 110',N'Còn hàng','HSX_0001','LX_0001','NCC_0001'),
					 ('X_0010',N'',19800000,N'',N'Trắng - Đen',CAST(N'2020-05-04' AS DATE),110,N'Vành đúc phanh đĩa',N'15368457E2354Y4653',N'JD5F132',N'Wave Alpha 110cc',N'Còn hàng','HSX_0001','LX_0001','NCC_0001'),
					 ('X_0011',N'',24690000,N'',N'Xanh Đậm - Đen',CAST(N'2020-05-04' AS DATE),110,N'Vành đúc phanh đĩa',N'15368457E2354Y4654',N'JD5F133',N'Wave Alpha 110cc',N'Còn hàng','HSX_0001','LX_0001','NCC_0001'),
					 ('X_0012',N'',24690000,N'',N'Đỏ - Đen',CAST(N'2020-05-04' AS DATE),110,N'Vành đúc phanh đĩa',N'15368457E2354Y4655',N'JD5F134',N'Wave Alpha 110cc',N'Còn hàng','HSX_0001','LX_0001','NCC_0001'),
					 ('X_0013',N'',24690000,N'',N'Xanh - Đen',CAST(N'2020-05-04' AS DATE),110,N'Vành nan hoa phanh đĩa',N'15368457E2354Y4656',N'JD5F135',N'Wave Alpha 110cc',N'Còn hàng','HSX_0001','LX_0001','NCC_0001'),
					 ('X_0014',N'',21690000,N'',N'Xám - Đen',CAST(N'2020-05-04' AS DATE),110,N'Vành nan hoa phanh đĩa',N'15368457E2354Y4657',N'JD5F136',N'Wave Alpha 110cc',N'Còn hàng','HSX_0001','LX_0001','NCC_0001'),
					 ('X_0015',N'',21690000,N'',N'Xanh - Đen',CAST(N'2020-05-04' AS DATE),110,N'Vành nan hoa phanh đĩa',N'15368457E2354Y4658',N'JD5F137',N'Wave Alpha 110cc',N'Còn hàng','HSX_0001','LX_0001','NCC_0001'),
					 ('X_0016',N'',21690000,N'',N'Đỏ - Đen',CAST(N'2020-05-04' AS DATE),110,N'Vành nan hoa phanh đĩa',N'15368457E2354Y4659',N'JD5F138',N'Wave Alpha 110cc',N'Còn hàng','HSX_0001','LX_0001','NCC_0001'),
					 ('X_0017',N'',22690000,N'',N'Trắng - Đen',CAST(N'2020-05-04' AS DATE),110,N'Phanh cơ, vành nan hoa',N'15368457E2354Y4660',N'JD5F139',N'Future 125 FI',N'Còn hàng','HSX_0001','LX_0001','NCC_0001'),
					 ('X_0018',N'',22690000,N'',N'Đen - Xanh - Xám',CAST(N'2020-05-04' AS DATE),110,N'Phanh cơ, vành nan hoa',N'15368457E2354Y4661',N'JD5F140',N'Future 125 FI',N'Còn hàng','HSX_0001','LX_0001','NCC_0001'),
					 ('X_0019',N'',22690000,N'',N'Trắng - Đen - Bạc',CAST(N'2020-05-04' AS DATE),110,N'Phanh cơ, vành nan hoa',N'15368457E2354Y4662',N'JD5F141',N'Future 125 FI',N'Còn hàng','HSX_0001','LX_0001','NCC_0001'),
					 ('X_0020',N'',22690000,N'',N'Đen - Xanh - Xám',CAST(N'2020-05-04' AS DATE),110,N'Vành đúc',N'15368457E2354Y4663',N'JD5F142',N'Future 125 FI',N'Còn hàng','HSX_0001','LX_0001','NCC_0001'),
					 ('X_0021',N'',17790000,N'',N'Đen - Bạc',CAST(N'2020-05-04' AS DATE),110,N'Vành đúc',N'15368457E2354Y4664',N'JD5F143',N'Future 125 FI',N'Còn hàng','HSX_0001','LX_0001','NCC_0001'),
					 ('X_0022',N'',17790000,N'',N'Đen - Xanh - Xám',CAST(N'2020-05-04' AS DATE),110,N'Vành đúc',N'15368457E2354Y4665',N'JD5F144',N'Future 125 FI',N'Còn hàng','HSX_0001','LX_0001','NCC_0001'),
					 ('X_0023',	N'',	17790000,	N'',	N'Xanh - Đen - Bạc',	CAST(N'2020-05-10' AS DATE),	110,	N'Phanh cơ vành nan hoa',	N'15368457E2354Y4666',	N'JD5F145',	N'Wave Alpha 110cc',	N'Còn hàng',	'HSX_0001',	'LX_0001',	'NCC_0001'),
('X_0024',	N'',	17790000,	N'',	N'Xanh Đậm - Đen - Bạc',	CAST(N'2020-05-10' AS DATE),	110,	N'Phanh cơ vành nan hoa',	N'15368457E2354Y4667',	N'JD5F146',	N'Wave Alpha 110cc',	N'Còn hàng',	'HSX_0001',	'LX_0001',	'NCC_0001'),
('X_0025',	N'',	17790000,	N'',	N'Đen - Bạc',	CAST(N'2020-05-10' AS DATE),	110,	N'Phanh cơ vành nan hoa',	N'15368457E2354Y4668',	N'JD5F147',	N'Wave Alpha 110cc',	N'Còn hàng',	'HSX_0001',	'LX_0001',	'NCC_0001'),
('X_0026',	N'',	31390000,	N'',	N'Bạc - Nâu - Đen',	CAST(N'2020-05-10' AS DATE),	125,	N'Vành đúc',	N'15368457E2354Y4669',	N'JD5F148',	N'Future 125 FI'	,N'Còn hàng'	,'HSX_0001',	'LX_0001',	'NCC_0001'),
('X_0027',	N'',	31390000,	N'',	N'Đỏ - Nâu - Đen',	CAST(N'2020-05-10' AS DATE),	125,	N'Vành đúc',	N'15368457E2354Y4670',	N'JD5F149',	N'Future 125 FI'	,N'Còn hàng',	'HSX_0001',	'LX_0001',	'NCC_0001'),
('X_0028',	N'',	31390000,	N'',	N'Xanh - Nâu - Đen',	CAST(N'2020-05-10' AS DATE),	125,	N'Vành đúc',	N'15368457E2354Y4671',	N'JD5F150',	N'Future 125 FI'	,N'Còn hàng',	'HSX_0001',	'LX_0001',	'NCC_0001'),
('X_0029',	N'',	31390000,	N'',	N'Đen - Nâu',	CAST(N'2020-05-10' AS DATE),	125,	N'Vành đúc',	N'15368457E2354Y4672',	N'JD5F151',	N'Future 125 FI',	N'Còn hàng',	'HSX_0001',	'LX_0001',	'NCC_0001'),
('X_0030',	N'',	31390000,	N'',	N'Trắng - Nâu - Đen',	CAST(N'2020-05-10' AS DATE),	125,	N'Vành đúc',	N'15368457E2354Y4673',	N'JD5F152',	N'Future 125 FI',	N'Còn hàng',	'HSX_0001',	'LX_0001',	'NCC_0001'),
('X_0031',	N'',	30190000,	N'',	N'Đỏ - Đen',	CAST(N'2020-05-10' AS DATE),	125,	N'Vành nan hoa',	N'15368457E2354Y4674',	N'JD5F153',	N'Future 125 FI',	N'Còn hàng',	'HSX_0001',	'LX_0001',	'NCC_0001'),
('X_0032',	N'',	30190000,	N'',	N'Xanh - Đen',	CAST(N'2020-05-10' AS DATE),	125,	N'Vành nan hoa',	N'15368457E2354Y4675',	N'JD5F154',	N'Future 125 FI',	N'Còn hàng',	'HSX_0001',	'LX_0001',	'NCC_0001'),
('X_0033',	N'',	84990000,	N'',	N'Xanh - Lam',	CAST(N'2020-05-10' AS DATE),	125,	N'C125'	,N'15368457E2354Y4676',	N'JD5F155',	N'Super Cub C125',	N'Còn hàng',	'HSX_0001',	'LX_0001',	'NCC_0001'),
('X_0034',	N'',	84990000,	N'',	N'Đỏ - Trắng',	CAST(N'2020-05-10' AS DATE),	125,	N'C125',N'15368457E2354Y4677',	N'JD5F156',	N'Super Cub C125',	N'Còn hàng',	'HSX_0001',	'LX_0001',	'NCC_0001'),
('X_0035',	N'',	84990000,	N'',	N'Xanh - Lam - Xám',	CAST(N'2020-05-10' AS DATE),	125,	N'C125',	N'15368457E2354Y4678',	N'JD5F157',	N'Super Cub C125',	N'Còn hàng',	'HSX_0001',	'LX_0001',	'NCC_0001'),
('X_0036',	N'',	58990000,	N'',	N'Đỏ - Đen',	CAST(N'2020-05-10' AS DATE),	125,	N'Phiên bản Cá tính (ABS)',	N'15368457E2354Y4679',	N'JD5F158',	N'Sh mode 125',	N'Còn hàng',	'HSX_0001',	'LX_0002',	'NCC_0001'),
('X_0037',	N'',	58990000,	N'',	N'Bạc - Đen',	CAST(N'2020-05-10' AS DATE),	125,	N'Phiên bản Cá tính (ABS)',	N'15368457E2354Y4680',	N'JD5F159',	N'Sh mode 125',	N'Còn hàng',	'HSX_0001',	'LX_0002',	'NCC_0001'),
('X_0038',	N'',	57890000,	N'',	N'Đỏ - Đen',	CAST(N'2020-05-10' AS DATE),	125,	N'Phiên bản Thời trang (ABS)',	N'15368457E2354Y4681',	N'JD5F160',	N'Sh mode 125',	N'Còn hàng',	'HSX_0001',	'LX_0002',	'NCC_0001'),
('X_0039',	N'',	57890000,	N'',	N'Xanh - Đen',	CAST(N'2020-05-10' AS DATE),	125,	N'Phiên bản Thời trang (ABS)',	N'15368457E2354Y4682',	N'JD5F161',	N'Sh mode 125',	N'Còn hàng',	'HSX_0001',	'LX_0002',	'NCC_0001'),
('X_0040',	N'',	57890000,	N'',	N'Bạc - Đen',	CAST(N'2020-05-10' AS DATE),	125,	N'Phiên bản Thời trang (ABS)',	N'15368457E2354Y4683',	N'JD5F162',	N'Sh mode 125',	N'Còn hàng',	'HSX_0001',	'LX_0002',	'NCC_0001'),
('X_0041',	N'',	57890000,	N'',	N'Trắng - Nâu',	CAST(N'2020-05-10' AS DATE),	125,	N'Phiên bản Thời trang (ABS)',	N'15368457E2354Y4684',	N'JD5F163',	N'Sh mode 125',	N'Còn hàng',	'HSX_0001',	'LX_0002',	'NCC_0001'),
('X_0042',	N'',	57890000,	N'',	N'Vàng - Nâu',	CAST(N'2020-05-10' AS DATE),	125,	N'Phiên bản Thời trang (ABS)',	N'15368457E2354Y4685',	N'JD5F164',	N'Sh mode 125',	N'Còn hàng',	'HSX_0001',	'LX_0002',	'NCC_0001'),
('X_0043',	N'',	53890000,	N'',	N'Đỏ - Đen',	CAST(N'2020-05-10' AS DATE),	125,	N'Phiên bản Thời trang (ABS)',	N'15368457E2354Y4686',	N'JD5F165',	N'Sh mode 125',	N'Còn hàng',	'HSX_0001',	'LX_0002',	'NCC_0001'),
('X_0044',	N'',	53890000,	N'',	N'Vàng - Đen',	CAST(N'2020-05-10' AS DATE),	125,	N'Phiên bản Thời trang (ABS)',	N'15368457E2354Y4687',	N'JD5F166',	N'Sh mode 125',	N'Còn hàng',	'HSX_0001',	'LX_0002',	'NCC_0001'),
('X_0045',	N'',	53890000,	N'',	N'Xanh - Đen',	CAST(N'2020-05-10' AS DATE),	125,	N'Phiên bản Thời trang (ABS)',	N'15368457E2354Y4688',	N'JD5F167',	N'Sh mode 125',	N'Còn hàng',	'HSX_0001',	'LX_0002',	'NCC_0001'),
('X_0046',	N'',	42390000,	N'',	N'Đen - Vàng',	CAST(N'2020-05-10' AS DATE),	125,	N'Phiên bản Đặc biệt',	N'15368457E2354Y4689',	N'JD5F168',	N'Air Blade 125/150',	N'Còn hàng',	'HSX_0001',	'LX_0002',	'NCC_0001'),
('X_0047',	N'',	41190000,	N'',	N'Đỏ - Đen - Xám',	CAST(N'2020-05-10' AS DATE),	125,	N'Phiên bản Tiêu chuẩn',	N'15368457E2354Y4690',	N'JD5F169',	N'Air Blade 125/150',	N'Còn hàng',	'HSX_0001',	'LX_0002',	'NCC_0001'),
('X_0048',	N'',	41190000,	N'',	N'Xanh - Đen - Xám',	CAST(N'2020-05-10' AS DATE),	125,	N'Phiên bản Tiêu chuẩn',	N'15368457E2354Y4691',	N'JD5F170',	N'Air Blade 125/150',	N'Còn hàng',	'HSX_0001',	'LX_0002',	'NCC_0001'),
('X_0049',	N'',	41190000,	N'',	N'Bạc - Xanh - Đen',	CAST(N'2020-05-10' AS DATE),	125,	N'Phiên bản Tiêu chuẩn',	N'15368457E2354Y4692',	N'JD5F171',	N'Air Blade 125/150',	N'Còn hàng',	'HSX_0001',	'LX_0002',	'NCC_0001'),
('X_0050',	N'',	41190000,	N'',	N'Trắng - Đỏ - Đen',	CAST(N'2020-05-10' AS DATE),	125,	N'Phiên bản Tiêu chuẩn',	N'15368457E2354Y4693',	N'JD5F172',	N'Air Blade 125/150',	N'Còn hàng',	'HSX_0001',	'LX_0002',	'NCC_0001'),
('X_0051',N'',56390000,N'',N'Xanh - Xám - Đen',CAST(N'2020-05-10' AS DATE),125,N'Phiên bản Đặc biệt',N'15368457E2354Y4694',N'JD5F173',N'Air Blade 125/150',N'Còn hàng','HSX_0001','LX_0002','NCC_0001'),
('X_0052',N'',55190000,N'',N'Đỏ - Bạc',CAST(N'2020-05-10' AS DATE),125,N'Phiên bản Tiêu chuẩn',N'15368457E2354Y4695',N'JD5F174',N'Air Blade 125/150',N'Còn hàng','HSX_0001','LX_0002','NCC_0001'),
('X_0053',N'',55190000,N'',N'Xanh - Bạc',CAST(N'2020-05-10' AS DATE),125,N'Phiên bản Tiêu chuẩn',N'15368457E2354Y4696',N'JD5F175',N'Air Blade 125/150',N'Còn hàng','HSX_0001','LX_0002','NCC_0001'),
('X_0054',N'',55190000,N'',N'Xám - Đen - Bạc',CAST(N'2020-05-10' AS DATE),125,N'Phiên bản Tiêu chuẩn',N'15368457E2354Y4697',N'JD5F176',N'Air Blade 125/150',N'Còn hàng','HSX_0001','LX_0002','NCC_0001'),
('X_0055',N'',55190000,N'',N'Đen - Bạc',CAST(N'2020-05-10' AS DATE),125,N'Phiên bản Tiêu chuẩn',N'15368457E2354Y4698',N'JD5F177',N'Air Blade 125/150',N'Còn hàng','HSX_0001','LX_0002','NCC_0001'),
('X_0056',N'',30790000,N'',N'Đen - Bạc',CAST(N'2020-05-10' AS DATE),110,N'Phiên bản Cao cấp',N'15368457E2354Y4699',N'JD5F178',N'Vision',N'Còn hàng','HSX_0001','LX_0002','NCC_0001'),
('X_0057',N'',30790000,N'',N'Xanh - Lục - Nâu',CAST(N'2020-05-10' AS DATE),110,N'Phiên bản Cao cấp',N'15368457E2354Y4747',N'JD5F179',N'Vision',N'Còn hàng','HSX_0001','LX_0002','NCC_0001'),
('X_0058',N'',30790000,N'',N'Vàng - Nâu',CAST(N'2020-05-10' AS DATE),110,N'Phiên bản Cao cấp',N'15368457E2354Y4748',N'JD5F180',N'Vision',N'Còn hàng','HSX_0001','LX_0002','NCC_0001'),
('X_0059',N'',30790000,N'',N'Đen - Nâu',CAST(N'2020-05-10' AS DATE),110,N'Phiên bản Cao cấp',N'15368457E2354Y4749',N'JD5F181',N'Vision',N'Còn hàng','HSX_0001','LX_0002','NCC_0001'),
('X_0060',N'',30790000,N'',N'Đỏ - Nâu',CAST(N'2020-05-10' AS DATE),110,N'Phiên bản Cao cấp',N'15368457E2354Y4750',N'JD5F182',N'Vision',N'Còn hàng','HSX_0001','LX_0002','NCC_0001'),
('X_0061',N'',31990000,N'',N'Đen - Xám',CAST(N'2020-05-10' AS DATE),110,N'Phiên bản Đặc biệt',N'15368457E2354Y4751',N'JD5F183',N'Vision',N'Còn hàng','HSX_0001','LX_0002','NCC_0001'),
('X_0062',N'',31990000,N'',N'Trắng - Đen',CAST(N'2020-05-10' AS DATE),110,N'Phiên bản Đặc biệt',N'15368457E2354Y4752',N'JD5F184',N'Vision',N'Còn hàng','HSX_0001','LX_0002','NCC_0001'),
('X_0063',N'',29990000,N'',N'Trắng - Nâu',CAST(N'2020-05-10' AS DATE),110,N'Phiên bản Tiêu chuẩn',N'15368457E2354Y4753',N'JD5F185',N'Vision',N'Còn hàng','HSX_0001','LX_0002','NCC_0001'),
('X_0064',N'',29990000,N'',N'Đen - Nâu',CAST(N'2020-05-10' AS DATE),110,N'Phiên bản Tiêu chuẩn',N'15368457E2354Y4754',N'JD5F186',N'Vision',N'Còn hàng','HSX_0001','LX_0002','NCC_0001'),
('X_0065',N'',29990000,N'',N'Đỏ - Nâu',CAST(N'2020-05-10' AS DATE),110,N'Phiên bản Tiêu chuẩn',N'15368457E2354Y4755',N'JD5F187',N'Vision',N'Còn hàng','HSX_0001','LX_0002','NCC_0001'),
('X_0066',N'',48990000,N'',N'Xanh - Đen - Bạc',CAST(N'2020-05-10' AS DATE),150,N'Phiên bản Camo',N'15368457E2354Y4756',N'JD5F188',N'Winner X',N'Còn hàng','HSX_0004','LX_0003','NCC_0001'),
('X_0067',N'',48990000,N'',N'Đỏ - Đen - Bạc',CAST(N'2020-05-10' AS DATE),150,N'Phiên bản Camo',N'15368457E2354Y4757',N'JD5F189',N'Winner X',N'Còn hàng','HSX_0004','LX_0003','NCC_0001'),
('X_0068',N'',49490000,N'',N'Đen - Vàng - Đồng',CAST(N'2020-05-10' AS DATE),150,N'Phiên bản Camo',N'15368457E2354Y4758',N'JD5F190',N'Winner X',N'Còn hàng','HSX_0004','LX_0003','NCC_0001'),
('X_0069',N'',48990000,N'',N'Đỏ - Xanh - Trắng - Đen',CAST(N'2020-05-10' AS DATE),150,N'Phiên bản Đen mờ',N'15368457E2354Y4759',N'JD5F191',N'Winner X',N'Còn hàng','HSX_0004','LX_0003','NCC_0001'),
('X_0070',N'',48990000,N'',N'Bạc - Đen - Đỏ',CAST(N'2020-05-10' AS DATE),150,N'Phiên bản Tiêu chuẩn',N'15368457E2354Y4760',N'JD5F192',N'Winner X',N'Còn hàng','HSX_0004','LX_0003','NCC_0001'),
('X_0071',N'',48990000,N'',N'Đỏ - Đen',CAST(N'2020-05-10' AS DATE),150,N'Phiên bản Đường đua',N'15368457E2354Y4761',N'JD5F193',N'Winner X',N'Còn hàng','HSX_0004','LX_0003','NCC_0001'),
('X_0072',N'',49490000,N'',N'Xanh - Đen',CAST(N'2020-05-10' AS DATE),150,N'Phiên bản Thể thao - Phanh ABS',N'15368457E2354Y4762',N'JD5F194',N'Winner X',N'Còn hàng','HSX_0004','LX_0003','NCC_0001'),
('X_0073',N'',49490000,N'',N'Đen - Xanh',CAST(N'2020-05-10' AS DATE),150,N'Phiên bản Thể thao - Phanh thường',N'15368457E2354Y4763',N'JD5F195',N'Winner X',N'Còn hàng','HSX_0004','LX_0003','NCC_0001'),
('X_0074',N'',45990000,N'',N'Đỏ - Nâu',CAST(N'2020-05-10' AS DATE),150,N'Phiên bản Thể thao - Phanh thường',N'15368457E2354Y4764',N'JD5F196',N'Winner X',N'Còn hàng','HSX_0004','LX_0003','NCC_0001'),
('X_0075',N'',45990000,N'',N'Đen',CAST(N'2020-05-10' AS DATE),150,N'Phiên bản Thể thao - Phanh thường',N'15368457E2354Y4765',N'JD5F197',N'Winner X',N'Còn hàng','HSX_0004','LX_0003','NCC_0001'),
('X_0076',N'',47990000,N'',N'Đen',CAST(N'2020-05-10' AS DATE),150,N'Phiên bản Monster Energy Yamaha MotoGP',N'15368457E2354Y4766',N'JD5F198',N'Exciter',N'Còn hàng','HSX_0004','LX_0003','NCC_0001'),
('X_0077',N'',48990000,N'',N'Xanh - Đen - Cam',CAST(N'2020-05-10' AS DATE),150,N'Phiên bản Giới hạn',N'15368457E2354Y4767',N'JD5F199',N'Exciter',N'Còn hàng','HSX_0004','LX_0003','NCC_0001'),
('X_0078',N'',47990000,N'',N'Xám - Đen - Xanh',CAST(N'2020-05-10' AS DATE),150,N'Phiên bản Thể thao - Phanh thường',N'15368457E2354Y4768',N'JD5F200',N'Exciter',N'Còn hàng','HSX_0004','LX_0003','NCC_0001'),
('X_0079',N'',48990000,N'',N'Đỏ - Cam - Bạc',CAST(N'2020-05-10' AS DATE),150,N'Phiên bản Giới hạn',N'15368457E2354Y4769',N'JD5F201',N'Exciter',N'Còn hàng','HSX_0004','LX_0003','NCC_0001'),
('X_0080',N'',47990000,N'',N'Xanh - Lá - Đen',CAST(N'2020-05-10' AS DATE),150,N'Phiên bản Giới hạn',N'15368457E2354Y4770',N'JD5F202',N'Exciter',N'Còn hàng','HSX_0004','LX_0003','NCC_0001'),
('X_0081',N'',48990000,N'',N'Đen - Hồng',CAST(N'2020-05-10' AS DATE),150,N'Phiên bản Giới hạn',N'15368457E2354Y4771',N'JD5F203',N'Exciter',N'Còn hàng','HSX_0004','LX_0003','NCC_0001'),
('X_0082',N'',47990000,N'',N'Đen',CAST(N'2020-05-10' AS DATE),150,N'Phiên bản Movistar',N'15368457E2354Y4772',N'JD5F204',N'Exciter',N'Còn hàng','HSX_0004','LX_0003','NCC_0001'),
('X_0083',N'',47990000,N'',N'Đen',CAST(N'2020-05-10' AS DATE),150,N'Phiên bản Movistar',N'15368457E2354Y4773',N'JD5F205',N'Exciter',N'Còn hàng','HSX_0004','LX_0003','NCC_0001'),
('X_0084',N'',23190000,N'',N'Đen - Bạc',CAST(N'2020-05-10' AS DATE),110,N'RC Vành Đúc',N'15368457E2354Y4774',N'JD5F206',N'Sirius FI',N'Còn hàng','HSX_0004','LX_0001','NCC_0001'),
('X_0085',N'',21340000,N'',N'Đỏ',CAST(N'2020-05-10' AS DATE),110,N'RC Vành Đúc',N'15368457E2354Y4775',N'JD5F207',N'Sirius FI',N'Còn hàng','HSX_0004','LX_0001','NCC_0001'),
('X_0086',N'',23190000,N'',N'Trắng - Đen',CAST(N'2020-05-10' AS DATE),110,N'RC Vành Đúc',N'15368457E2354Y4776',N'JD5F208',N'Sirius FI',N'Còn hàng','HSX_0004','LX_0001','NCC_0001'),
('X_0087',N'',21340000,N'',N'Đen',CAST(N'2020-05-10' AS DATE),110,N'RC Vành Đúc',N'15368457E2354Y4777',N'JD5F209',N'Sirius FI',N'Còn hàng','HSX_0004','LX_0001','NCC_0001'),
('X_0088',N'',23190000,N'',N'Xám - Cam',CAST(N'2020-05-10' AS DATE),110,N'Phanh đĩa',N'15368457E2354Y4778',N'JD5F210',N'Sirius FI',N'Còn hàng','HSX_0004','LX_0001','NCC_0001'),
('X_0089',N'',21340000,N'',N'Đen - Bạc',CAST(N'2020-05-10' AS DATE),110,N'Phanh đĩa',N'15368457E2354Y4779',N'JD5F211',N'Sirius FI',N'Còn hàng','HSX_0004','LX_0001','NCC_0001'),
('X_0090',N'',20340000,N'',N'Đen - Xám',CAST(N'2020-05-10' AS DATE),110,N'Phanh đĩa',N'15368457E2354Y4780',N'JD5F212',N'Sirius FI',N'Còn hàng','HSX_0004','LX_0001','NCC_0001'),
('X_0091',N'',23190000,N'',N'Đỏ - Đen',CAST(N'2020-05-10' AS DATE),110,N'Phanh đĩa',N'15368457E2354Y4781',N'JD5F213',N'Sirius FI',N'Còn hàng','HSX_0004','LX_0001','NCC_0001'),
('X_0092',N'',21340000,N'',N'Đỏ',CAST(N'2020-05-10' AS DATE),110,N'Phanh cơ',N'15368457E2354Y4782',N'JD5F214',N'Sirius FI',N'Còn hàng','HSX_0004','LX_0001','NCC_0001'),
('X_0093',N'',20340000,N'',N'Xanh',CAST(N'2020-05-10' AS DATE),110,N'Phanh cơ',N'15368457E2354Y4783',N'JD5F215',N'Sirius FI',N'Còn hàng','HSX_0004','LX_0001','NCC_0001'),
('X_0094',N'',23190000,N'',N'Xám',CAST(N'2020-05-10' AS DATE),110,N'Phanh cơ',N'15368457E2354Y4784',N'JD5F216',N'Sirius FI',N'Còn hàng','HSX_0004','LX_0001','NCC_0001'),
('X_0095',N'',20340000,N'',N'Đen - Bạc',CAST(N'2020-05-10' AS DATE),110,N'Phanh cơ',N'15368457E2354Y4785',N'JD5F217',N'Sirius FI',N'Còn hàng','HSX_0004','LX_0001','NCC_0001'),
('X_0096',N'',50000000,N'',N'Đen',CAST(N'2020-05-10' AS DATE),125,N'Phiên bản giới hạn',N'15368457E2354Y4786',N'JD5F218',N'Grand (Blue Core Hybrid)',N'Còn hàng','HSX_0004','LX_0001','NCC_0001'),
('X_0097',N'',50000000,N'',N'Xanh',CAST(N'2020-05-10' AS DATE),125,N'Phiên bản giới hạn',N'15368457E2354Y4787',N'JD5F219',N'Grand (Blue Core Hybrid)',N'Còn hàng','HSX_0004','LX_0001','NCC_0001'),
('X_0098',N'',50000000,N'',N'Đỏ - Đen',CAST(N'2020-05-10' AS DATE),125,N'Phiên bản giới hạn',N'15368457E2354Y4788',N'JD5F220',N'Grand (Blue Core Hybrid)',N'Còn hàng','HSX_0004','LX_0001','NCC_0001'),
('X_0099',N'',45500000,N'',N'Đen - Bạc',CAST(N'2020-05-10' AS DATE),125,N'Phiên bản giới hạn',N'15368457E2354Y4789',N'JD5F221',N'Grand (Blue Core Hybrid)',N'Còn hàng','HSX_0004','LX_0001','NCC_0001'),
('X_0100',N'',45500000,N'',N'Trắng',CAST(N'2020-05-10' AS DATE),125,N'Phiên bản giới hạn',N'19368457E2354Y4790',N'J25F222',N'Grand (Blue Core Hybrid)',N'Còn hàng','HSX_0004','LX_0001','NCC_0001'),
('X_0101',	N'',	45500000,	N'',	N'Đen',	CAST(N'2020-05-10' AS DATE),	125,	N'Phiên bản tiêu chuẩn',	N'15368457E2354Y4790',	N'JD5F222',	N'Grand (Blue Core Hybrid)',	N'Còn hàng',	'HSX_0004',	'LX_0002',	'NCC_0001'),
('X_0102',	N'',	49500000,	N'',	N'Đỏ',	CAST(N'2020-05-10' AS DATE),	125,	N'Phiên bản đặc biệt',	N'1968457E2354Y4791',	N'JD5F223',	N'Grand (Blue Core Hybrid)',	N'Còn hàng',	'HSX_0004',	'LX_0002',	'NCC_0001'),
('X_0103',	N'',	49500000,	N'',	N'Trắng',	CAST(N'2020-05-10' AS DATE),	125,	N'Phiên bản đặc biệt',	N'15368457E2354Y4791',	N'JD5F224',	N'Grand (Blue Core Hybrid)',	N'Còn hàng',	'HSX_0004',	'LX_0002',	'NCC_0001'),
('X_0104',	N'',	49500000,	N'',	N'Xám',	CAST(N'2020-05-10' AS DATE),	125,	N'Phiên bản đặc biệt',	N'15368457E2354Y4792',	N'JD5F225',	N'Grand (Blue Core Hybrid)',	N'Còn hàng',	'HSX_0004',	'LX_0002',	'NCC_0001'),
('X_0105',	N'',	43990000,	N'',	N'Trắng',	CAST(N'2020-05-10' AS DATE),	125,	N'Grande Premium (phiên bản đặc biệt)',	N'15368457E2354Y4793',	N'JD5F226',	N'Grand (Blue Core Hybrid)',	N'Còn hàng',	'HSX_0004',	'LX_0002',	'NCC_0001'),
('X_0106',	N'',	43990000,	N'',	N'Xanh Dương',	CAST(N'2020-05-10' AS DATE),	125,	N'Grande Premium (phiên bản đặc biệt)',	N'15368457E2354Y4794',	N'JD5F227',	N'Grand (Blue Core Hybrid)',	N'Còn hàng',	'HSX_0004',	'LX_0002',	'NCC_0001'),
('X_0107',	N'',	43990000,	N'',	N'Đen',	CAST(N'2020-05-10' AS DATE),	125,	N'Grande Premium (phiên bản đặc biệt)',	N'15368457E2354Y4795',	N'JD5F228',	N'Grand (Blue Core Hybrid)',	N'Còn hàng',	'HSX_0004',	'LX_0002',	'NCC_0001'),
('X_0108',	N'',	43990000,	N'', N'Nâu',	CAST(N'2020-05-10' AS DATE),	125,	N'Grande Premium (phiên bản đặc biệt)',	N'15368457E2354Y4796',	N'JD5F229',	N'Grand (Blue Core Hybrid)',	N'Còn hàng',	'HSX_0004',	'LX_0002',	'NCC_0001'),
('X_0109',	N'',	41990000,	N'',	N'Xanh lá',	CAST(N'2020-05-10' AS DATE),	125,	N'Grande Deluxe (phiên bản cao cấp)',	N'15368457E2354Y4797',	N'JD5F230',	N'Grand (Blue Core Hybrid)',	N'Còn hàng',	'HSX_0004',	'LX_0002',	'NCC_0001'),
('X_0110',	N'',	41990000,	N'',	N'Xanh lá',	CAST(N'2020-05-10' AS DATE),	125,	N'Grande Deluxe (phiên bản cao cấp)',	N'15368457E2354Y4798',	N'JD5F231',	N'Grand (Blue Core Hybrid)',	N'Còn hàng',	'HSX_0004',	'LX_0002',	'NCC_0001'),
('X_0111',	N'',	41990000,	N'',	N'Xanh dương',	CAST(N'2020-05-10' AS DATE),	125,	N'Grande Deluxe (phiên bản cao cấp)',	N'15368457E2354Y4799',	N'JD5F232',	N'Grand (Blue Core Hybrid)',	N'Còn hàng',	'HSX_0004',	'LX_0002',	'NCC_0001'),
('X_0112',	N'',	41990000,	N'',	N'Đỏ',	CAST(N'2020-05-10' AS DATE),	125,	N'Grande Deluxe (phiên bản cao cấp)',	N'15368457E2354Y4800',	N'JD5F233',	N'Grand (Blue Core Hybrid)',	N'Còn hàng',	'HSX_0004',	'LX_0002',	'NCC_0001'),
('X_0113',	N'',	41990000,	N'',	N'Đỏ',	CAST(N'2020-05-10' AS DATE),	125,	N'Grande Deluxe (phiên bản cao cấp)',	N'15368457E2354Y4801',	N'JD5F234',	N'Grand (Blue Core Hybrid)',	N'Còn hàng',	'HSX_0004',	'LX_0002',	'NCC_0001'),
('X_0114',	N'',	41990000,	N'',	N'Đỏ',	CAST(N'2020-05-10' AS DATE),	125,	N'Grande Deluxe (phiên bản cao cấp)',	N'15368457E2354Y4802',	N'JD5F235',	N'Grand (Blue Core Hybrid)',	N'Còn hàng',	'HSX_0004',	'LX_0002',	'NCC_0001'),
('X_0115',	N'',	41990000,	N'',	N'Đỏ',	CAST(N'2020-05-10' AS DATE),	125,	N'Grande Deluxe (phiên bản cao cấp)',	N'15368457E2354Y4803',	N'JD5F236',	N'Grand (Blue Core Hybrid)',	N'Còn hàng',	'HSX_0004',	'LX_0002',	'NCC_0001'),
('X_0116',	N'',	41990000,	N'',	N'Đỏ',	CAST(N'2020-05-10' AS DATE),	125,	N'Grande Deluxe (phiên bản cao cấp)',	N'15368457E2354Y4804',	N'JD5F237',	N'Grand (Blue Core Hybrid)',	N'Còn hàng',	'HSX_0004',	'LX_0002',	'NCC_0001'),
('X_0117',	N'',	41990000,	N'',	N'Đỏ',	CAST(N'2020-05-10' AS DATE),	125,	N'Grande Deluxe (phiên bản cao cấp)',	N'15368457E2354Y4805',	N'JD5F238',	N'Grand (Blue Core Hybrid)',	N'Còn hàng',	'HSX_0004',	'LX_0002',	'NCC_0001'),
('X_0118',	N'',	41990000,	N'',	N'Đỏ',	CAST(N'2020-05-10' AS DATE),	125,	N'Grande Deluxe (phiên bản cao cấp)',	N'15368457E2354Y4806',	N'JD5F239',	N'Grand (Blue Core Hybrid)',	N'Còn hàng',	'HSX_0004',	'LX_0002',	'NCC_0001'),
('X_0119',	N'',	41990000,	N'',	N'Đỏ',	CAST(N'2020-05-10' AS DATE),	125,	N'Grande Deluxe (phiên bản cao cấp)',	N'15368457E2354Y4807',	N'JD5F240',	N'Grand (Blue Core Hybrid)',	N'Còn hàng',	'HSX_0004',	'LX_0002',	'NCC_0001'),
('X_0120',	N'',	41990000,	N'',	N'Xanh',	CAST(N'2020-06-10' AS DATE),	125,	N'Super Cup C125',	N'15368457E2354Y4812',	N'JD5F245',	N'Super Cup',	N'Còn hàng',	'HSX_0004',	'LX_0001',	'NCC_0001'),
('X_0121',	N'',	41990000,	N'',	N'Xanh',	CAST(N'2020-06-10' AS DATE),	125,	N'Super Cup C125',	N'15368457E2354Y4813',	N'JD5F246',	N'Super Cup',	N'Còn hàng',	'HSX_0004',	'LX_0001',	'NCC_0001'),
('X_0122',	N'',	41990000,	N'',	N'Xanh',	CAST(N'2020-06-10' AS DATE),	125,	N'Super Cup C125',	N'15368457E2354Y4814',	N'JD5F247',	N'Super Cup',	N'Còn hàng',	'HSX_0004',	'LX_0001',	'NCC_0001'),
('X_0123',	N'',	41990000,	N'',	N'Xanh',	CAST(N'2020-06-10' AS DATE),	125,	N'Super Cup C125',	N'15368457E2354Y4815',	N'JD5F248',	N'Super Cup',	N'Còn hàng',	'HSX_0004',	'LX_0001',	'NCC_0001'),
('X_0124',	N'',	41990000,	N'',	N'Xanh',	CAST(N'2020-06-10' AS DATE),	125,	N'Super Cup C125',	N'15368457E2354Y4816',	N'JD5F249',	N'Super Cup',	N'Còn hàng',	'HSX_0004',	'LX_0001',	'NCC_0001'),
('X_0125',	N'',	41990000,	N'',	N'Xanh',	CAST(N'2020-06-10' AS DATE),	125,	N'Super Cup C125',	N'15368457E2354Y4817',	N'JD5F250',	N'Super Cup',	N'Còn hàng',	'HSX_0004',	'LX_0001',	'NCC_0001'),
('X_0126',	N'',	41990000,	N'',	N'Xanh',	CAST(N'2020-06-10' AS DATE),	125,	N'Super Cup C125',	N'15368457E2354Y4818',	N'JD5F251',	N'Super Cup',	N'Còn hàng',	'HSX_0004',	'LX_0001',	'NCC_0001'),
('X_0127',	N'',	41990000,	N'',	N'Xanh',	CAST(N'2020-06-10' AS DATE),	125,	N'Super Cup C125',	N'15368457E2354Y4819',	N'JD5F252',	N'Super Cup',	N'Còn hàng',	'HSX_0004',	'LX_0001',	'NCC_0001'),
('X_0128',	N'',	41990000,	N'',N'Xanh',	CAST(N'2020-06-10' AS DATE),	125,	N'Super Cup C125',	N'15368457E2354Y4820',	N'JD5F253',	N'Super Cup',	N'Còn hàng',	'HSX_0004',	'LX_0001',	'NCC_0001'),
('X_0129',	N'',	41990000,	N'',	N'Xanh',	CAST(N'2020-06-10' AS DATE),	125,	N'Super Cup C125',	N'15368457E2354Y4821',	N'JD5F254',	N'Super Cup',	N'Còn hàng',	'HSX_0004',	'LX_0001',	'NCC_0001'),
('X_0130',	N'',	41990000,	N'',	N'Xanh',	CAST(N'2020-06-10' AS DATE),	125,	N'Super Cup C125',	N'15368457E2354Y4822',	N'JD5F255',	N'Super Cup',	N'Còn hàng',	'HSX_0004',	'LX_0001',	'NCC_0001'),
('X_0131',	N'',	41990000,	N'',	N'Đỏ',	CAST(N'2020-06-10' AS DATE),	125,	N'Super Cup C125',	N'15368457E2354Y4823',	N'JD5F256',	N'Super Cup',	N'Còn hàng',	'HSX_0004',	'LX_0001',	'NCC_0001'),
('X_0132',	N'',	41990000,	N'',	N'Đỏ',	CAST(N'2020-06-10' AS DATE),	125,	N'Super Cup C125',	N'15368457E2354Y4824',	N'JD5F257',	N'Super Cup',	N'Còn hàng',	'HSX_0004',	'LX_0001',	'NCC_0001'),
('X_0133',	N'',	41990000,	N'',	N'Đỏ',	CAST(N'2020-06-10' AS DATE),	125,	N'Super Cup C125',	N'15368457E2354Y4825',	N'JD5F258',	N'Super Cup',	N'Còn hàng',	'HSX_0004',	'LX_0001',	'NCC_0001'),
('X_0134',	N'',	41990000,	N'',	N'Đỏ',	CAST(N'2020-06-10' AS DATE),	125,	N'Super Cup C125',	N'15368457E2354Y4826',	N'JD5F259',	N'Super Cup',	N'Còn hàng',    'HSX_0004',	'LX_0001',	'NCC_0001'),
('X_0135',	N'',	41990000,	N'',	N'Đỏ',	CAST(N'2020-06-10' AS DATE),	125,	N'Super Cup C125',	N'15368457E2354Y4827',	N'JD5F260',	N'Super Cup',	N'Còn hàng',	'HSX_0004',	'LX_0001',	'NCC_0001'),
('X_0136',	N'',	41990000,	N'',	N'Đỏ',	CAST(N'2020-06-10' AS DATE),	125,	N'Super Cup C125',	N'15368457E2354Y4828',	N'JD5F261',	N'Super Cup',	N'Còn hàng',	'HSX_0004',	'LX_0001',	'NCC_0001'),
('X_0137',	N'',	41990000,	N'',	N'Đỏ',	CAST(N'2020-06-10' AS DATE),	125,	N'Super Cup C125',	N'15368457E2354Y4829',	N'JD5F262',	N'Super Cup',	N'Còn hàng',	'HSX_0004',	'LX_0001',	'NCC_0001'),
('X_0138',	N'',	41990000,	N'',	N'Đỏ',	CAST(N'2020-06-10' AS DATE),	125,	N'Super Cup C125',	N'15368457E2354Y4830 ',	N'JD5F263',	N'Super Cup',	N'Còn hàng',	'HSX_0004',	'LX_0001',	'NCC_0001'),
('X_0139',	N'',	41990000,	N'',	N'Đỏ',	CAST(N'2020-06-10' AS DATE),	125,	N'Super Cup C125',	N'15368457E2354Y4831',	N'JD5F264',	N'Super Cup',	N'Còn hàng',	'HSX_0004',	'LX_0001',	'NCC_0001'),
('X_0140',	N'',	41990000,	N'',	N'Đỏ',	CAST(N'2020-06-10' AS DATE),	125,	N'Super Cup C125',	N'15368457E2354Y4832',	N'JD5F265',	N'Super Cup',	N'Còn hàng',	'HSX_0004',	'LX_0001',	'NCC_0001'),
('X_0141',	N'',	41990000,	N'',	N'Đỏ',	CAST(N'2020-06-10' AS DATE),	125,	N'Super Cup C125',	N'15368457E2354Y4833',	N'JD5F266',	N'Super Cup',	N'Còn hàng',	'HSX_0004',	'LX_0001',	'NCC_0001'),
('X_0142',	N'',	41990000,	N'',	N'Đỏ',	CAST(N'2020-06-10' AS DATE),	125,	N'Super Cup C125',	N'15368457E2354Y4834',	N'JD5F267',	N'Super Cup',	N'Còn hàng',	'HSX_0004',	'LX_0001',	'NCC_0001'),
('X_0143',	N'',	41990000,	N'',	N'Đỏ',	CAST(N'2020-06-10' AS DATE),	125,	N'Super Cup C125',	N'15368457E2354Y4835',	N'JD5F268',	N'Super Cup',	N'Còn hàng',	'HSX_0004',	'LX_0001',	'NCC_0001'),
('X_0144',	N'',	41990000,	N'',	N'Đỏ',	CAST(N'2020-06-10' AS DATE),	125,	N'Super Cup C125',	N'15368457E2354Y4836',	N'JD5F269',	N'Super Cup',	N'Còn hàng',	'HSX_0004',	'LX_0001',	'NCC_0001'),
('X_0145',	N'',	41990000,	N'',	N'Đỏ',	CAST(N'2020-06-10' AS DATE),	125,	N'Super Cup C125',	N'15368457E2354Y4837',	N'JD5F270',	N'Super Cup',	N'Còn hàng',	'HSX_0004',	'LX_0001',	'NCC_0001'),
('X_0146',	N'',	41990000,	N'',	N'Đỏ',	CAST(N'2020-06-10' AS DATE),	125,	N'Super Cup C125',	N'15368457E2354Y4838',	N'JD5F271',	N'Super Cup',	N'Còn hàng',	'HSX_0004',	'LX_0001',	'NCC_0001'),
('X_0147',	N'',	41990000,	N'',	N'Đỏ',	CAST(N'2020-06-10' AS DATE),	125,	N'Super Cup C125',	N'15368457E2354Y4839',	N'JD5F272',	N'Super Cup',	N'Còn hàng',	'HSX_0004',	'LX_0001',	'NCC_0001'),
('X_0148',	N'',	41990000,	N'',	N'Đỏ',	CAST(N'2020-06-10' AS DATE),	125,	N'Super Cup C125',	N'15368457E2354Y4840',	N'JD5F273',	N'Super Cup',	N'Còn hàng',	'HSX_0004',	'LX_0001',	'NCC_0001'),
('X_0149',	N'',	41990000,	N'',	N'Đỏ',	CAST(N'2020-06-10' AS DATE),	125,	N'Super Cup C125',	N'15368457E2354Y4841',	N'JD5F274',	N'Super Cup',	N'Còn hàng',	'HSX_0004',	'LX_0001',	'NCC_0001'),
('X_0150',	N'',	41990000,	N'',	N'Đỏ',	CAST(N'2020-06-10' AS DATE),	125,	N'Super Cup C125',	N'15368457E2354Y4842',	N'JD5F275',	N'Super Cup',	N'Còn hàng',	'HSX_0004',	'LX_0001',	'NCC_0001'),
('X_0151',	N'',	38000000,	N'',	N'Đỏ',	CAST(N'2020-06-10' AS DATE),	125,	N'Lead 125FI',	N',15368457E2354Y4843',	N'JD5F276',	N'Lead',	N'Còn hàng',	'HSX_0004',	'LX_0002',	'NCC_0001'),
('X_0152',	N'',	38000000,	N'',	N'Đỏ',	CAST(N'2020-06-10' AS DATE),	125,	N'Lead 125FI',	N'15368457E2354Y4844',	N'JD5F277',	N'Lead',	N'Còn hàng',	'HSX_0004',	'LX_0001',	'NCC_0002'),
('X_0153',	N'',	38000000,	N'',	N'Đỏ',	CAST(N'2020-06-10' AS DATE),	125,	N'Lead 125FI',	N'15368457E2354Y4845',	N'JD5F278',	N'Lead',	N'Còn hàng',	'HSX_0004',	'LX_0001',	'NCC_0002'),
('X_0154',	N'',	38000000,	N'',	N'Đỏ',	CAST(N'2020-06-10' AS DATE),	125,	N'Lead 125FI',	N'15368457E2354Y4846',	N'JD5F279',	N'Lead',	N'Còn hàng',	'HSX_0004',	'LX_0001',	'NCC_0002'),
('X_0155',	N'',	38000000,	N'',	N'Đỏ',	CAST(N'2020-06-10' AS DATE),	125,	N'Lead 125FI',	N'15368457E2354Y4847',	N'JD5F280',	N'Lead',	N'Còn hàng',	'HSX_0004',	'LX_0001',	'NCC_0002')
					 
					 

GO

INSERT INTO KhachHang values('KH_0001',N'312439087',N'Không',N'Gò Vấp',N'quocan@gmail.com',N'Nam',CAST(N'2000-3-9'AS DATE),CAST(N'2020-1-3'AS DATE),N'0987654321',N'Châu Quốc An'),
							('KH_0002',N'312452875',N'Không',N'Gò Vấp',N'ducanh@gmail.com',N'Nam',CAST(N'2000-3-10'AS DATE),CAST(N'2020-1-10'AS DATE),N'0354215486',N'Giang Đức Anh'),
							('KH_0003',N'345218765',N'Không',N'Gò Vấp',N'tuananh@gmail.com',N'Nam',CAST(N'2000-3-15'AS DATE),CAST(N'2020-1-15'AS DATE),N'0125462856',N'Nguyễn Tuấn Anh'),
							('KH_0004',N'452896475',N'Không',N'Gò Vấp',N'bichchieu@gmail.com',N'Nữ',CAST(N'2000-2-9'AS DATE),CAST(N'2020-1-15'AS DATE),N'0325462589',N'Đặng Trần Bích Chiêu'),
							('KH_0005',N'968741275',N'Không',N'Gò Vấp',N'kiencuong@gmail.com',N'Nam',CAST(N'2000-3-5'AS DATE),CAST(N'2020-1-15'AS DATE),N'0369854625',N'Mai Kiên Cường'),
							('KH_0006',N'345125491',N'Không',N'Gò Vấp',N'congcuong@gmail.com',N'Nam',CAST(N'2000-10-9'AS DATE),CAST(N'2020-1-17'AS DATE),N'0985452526',N'Trương Công Cường'),
							('KH_0007',N'321545252',N'Không',N'Gò Vấp',N'hoangdang@gmail.com',N'Nam',CAST(N'2000-3-8'AS DATE),CAST(N'2020-2-3'AS DATE),N'0978546214',N'Trần Hoàng Đăng'),
							('KH_0008',N'376954245',N'Không',N'Gò Vấp',N'khanhdang@gmail.com',N'Nam',CAST(N'2000-5-9'AS DATE),CAST(N'2020-2-5'AS DATE),N'0224526358',N'Vũ Đình Khánh Đăng'),
							('KH_0009',N'314524215',N'Không',N'Gò Vấp',N'congdanh@gmail.com',N'Nam',CAST(N'2000-1-25'AS DATE),CAST(N'2020-2-5'AS DATE),N'0846251345',N'Lữ Công Danh'),
							('KH_0010',N'782596425',N'Không',N'Gò Vấp',N'thanhdat@gmail.com',N'Nam',CAST(N'2000-6-10'AS DATE),CAST(N'2020-2-5'AS DATE),N'0216458524',N'Nguyễn Công Thành Đạt'),
							('KH_0011',N'452366252',N'Không',N'Gò Vấp',N'thedat@gmail.com',N'Nam',CAST(N'2000-7-9'AS DATE),CAST(N'2020-2-6'AS DATE),N'0964521542',N'Nguyễn Thế Đạt'),
							('KH_0012',N'312754128',N'Không',N'Gò Vấp',N'tiendatgmail.com',N'Nam',CAST(N'2000-8-9'AS DATE),CAST(N'2020-2-7'AS DATE),N'0987654563',N'Tằng Tiến Đạt'),
							('KH_0013',N'314361852',N'Không',N'Gò Vấp',N'thidiem@gmail.com',N'Nữ',CAST(N'2000-9-9'AS DATE),CAST(N'2020-3-2'AS DATE),N'0936258741',N'Dương Thị Diễm'),
							('KH_0014',N'125365214',N'Không',N'Gò Vấp',N'datduc@gmail.com',N'Nam',CAST(N'2000-3-9'AS DATE),CAST(N'2020-3-3'AS DATE),N'0965452589',N'Đỗ Đạt Đức'),
							('KH_0015',N'362546213',N'Không',N'Gò Vấp',N'tungduong@gmail.com',N'Nam',CAST(N'2000-3-12'AS DATE),CAST(N'2020-3-3'AS DATE),N'0452852645',N'Nguyễn Tùng Dương'),
							('KH_0016',N'345124369',N'Không',N'Gò Vấp',N'dinhduy@gmail.com',N'Nam',CAST(N'2000-3-9'AS DATE),CAST(N'2020-3-3'AS DATE),N'0645214523',N'Huỳnh Nguyễn Đình Duy'),
							('KH_0017',N'345216258',N'Không',N'Gò Vấp',N'phanky@gmail.com',N'Nam',CAST(N'2000-12-9'AS DATE),CAST(N'2020-3-3'AS DATE),N'0965245145',N'Trần Phan Kỳ'),
							('KH_0018',N'215369874',N'Không',N'Gò Vấp',N'gialong@gmail.com',N'Nam',CAST(N'1989-3-9'AS DATE),CAST(N'2020-3-5'AS DATE),N'0912452635',N'Trần Phạm Gia Long'),
							('KH_0019',N'684524521',N'Không',N'Gò Vấp',N'dinhphuoc@gmail.com',N'Nam',CAST(N'1990-3-9'AS DATE),CAST(N'2020-3-5'AS DATE),N'0365452135',N'Trương Đình Phước'),
							('KH_0020',N'456217852',N'Không',N'Gò Vấp',N'vantrinh@gmail.com',N'Nam',CAST(N'1975-3-9'AS DATE),CAST(N'2020-3-5'AS DATE),N'0987459124',N'Nguyễn Văn Trinh'),
							('KH_0021',N'625462863',N'Không',N'Gò Vấp',N'thanhvy@gmail.com',N'Nữ',CAST(N'1994-3-9'AS DATE),CAST(N'2020-3-5'AS DATE),N'0745245625',N'Mai Thanh Vỹ')					
GO

INSERT INTO HoaDon values('HD_0001',CAST(N'2020-1-3' AS DATE), 26199000,'KH_0001',N'NV_0001'),
						 ('HD_0002',CAST(N'2020-1-10' AS DATE), 26199000,'KH_0002',N'NV_0001'),
						 ('HD_0003',CAST(N'2020-1-15' AS DATE), 26199000,'KH_0003',N'NV_0001'),
						 ('HD_0004',CAST(N'2020-1-15' AS DATE), 26199000,'KH_0004',N'NV_0002'),
						 ('HD_0005',CAST(N'2020-1-15' AS DATE), 21620000,'KH_0005',N'NV_0002'),
						 ('HD_0006',CAST(N'2020-1-17' AS DATE), 21620000,'KH_0006',N'NV_0002'),
						 ('HD_0007',CAST(N'2020-2-3' AS DATE), 21620000,'KH_0007',N'NV_0002'),
						 ('HD_0008',CAST(N'2020-2-5' AS DATE), 21620000,'KH_0008',N'NV_0001'),
						 ('HD_0009',CAST(N'2020-2-5' AS DATE), 21620000,'KH_0009',N'NV_0001'),
						 ('HD_0010',CAST(N'2020-2-5' AS DATE), 21620000,'KH_0010',N'NV_0001'),
						 ('HD_0011',CAST(N'2020-2-6' AS DATE), 22770000,'KH_0011',N'NV_0001'),
						 ('HD_0012',CAST(N'2020-2-7' AS DATE), 22770000,'KH_0012',N'NV_0001'),
						 ('HD_0013',CAST(N'2020-3-2' AS DATE), 22770000,'KH_0013',N'NV_0002'),
						 ('HD_0014',CAST(N'2020-3-3' AS DATE), 22770000,'KH_0014',N'NV_0002'),
						 ('HD_0015',CAST(N'2020-3-3' AS DATE), 26678700,'KH_0015',N'NV_0002'),
						 ('HD_0016',CAST(N'2020-3-3' AS DATE), 26678700,'KH_0016',N'NV_0002'),
						 ('HD_0017',CAST(N'2020-3-3' AS DATE), 26678700,'KH_0017',N'NV_0002'),
						 ('HD_0018',CAST(N'2020-3-5' AS DATE), 26678700,'KH_0018',N'NV_0002'),
						 ('HD_0019',CAST(N'2020-3-5' AS DATE), 27908700,'KH_0019',N'NV_0001'),
						 ('HD_0020',CAST(N'2020-3-5' AS DATE), 27908700,'KH_0020',N'NV_0001'),
						 ('HD_0021',CAST(N'2020-3-5' AS DATE), 27908700,'KH_0021',N'NV_0001')
GO

/*INSERT INTO chiTietPhieuNhap values('CTPN_0001',N'X_0001',20,20000000,N'Không'),
									('CTPN_0002',N'X_0002',14,25000000,N'Không'),
									('CTPN_0003',N'X_0003',10,35000000,N'Không')

GO*/

INSERT INTO chiTietHoaDon values('HD_0001','X_0001',1704000,24495000),
								('HD_0002','X_0002',1704000,24495000),
								('HD_0003','X_0003',1704000,24495000),
								('HD_0004','X_0004',1704000,24495000),
								('HD_0005','X_0005',940000,20680000),
								('HD_0006','X_0006',940000,20680000),
								('HD_0007','X_0007',940000,20680000),
								('HD_0008','X_0008',990000,21780000),
								('HD_0009','X_0009',990000,21780000),
								('HD_0010','X_0010',990000,21780000),
								('HD_0011','X_0011',1975000,28393500),
								('HD_0012','X_0012',1975000,28393500),
								('HD_0013','X_0013',1975000,28393500),
								('HD_0014','X_0014',1975000,28393500),
								('HD_0015','X_0015',1735200,24943500),
								('HD_0016','X_0016',1735200,24943500),
								('HD_0017','X_0017',1735200,24943500),
								('HD_0018','X_0018',1735200,24943500),
								('HD_0019','X_0019',1815200,26093500),
								('HD_0020','X_0020',1815200,26093500),
								('HD_0021','X_0021',1815200,26093500)
GO

INSERT INTO ChucVu values('CV_0001',N'Quản Lý'),
						('CV_0002',N'Nhân Viên')
			
GO

INSERT INTO NhanVien values('NV_0001', '651452874961',N'448 Phan Huy ích Gò Vấp','thanhnam@gmail.com', N'Nam',CAST(N'1994-02-12' AS DATE),CAST(N'2016-5-3' AS DATE),'0124674214', N'Nhân viên chính thức','111111',N'Nhân Viên','NV_0001',N'Bùi Thành Nam','CV_0002'),
							('NV_0002', '784256341',N'12 Huỳnh Khương An Gò Vấp','Hung123@gmail.com', N'Nam',CAST(N'1996-08-12' AS DATE),CAST(N'2017-2-1' AS DATE),'0253565748', N'Nhân viên chính thức','111111',N'Quản Lý','NV_0002',N'Trần Ngọc Hiển','CV_0001'),
							('NV_0003', '324947512',N'54 Huỳnh Khương An Gò Vấp','TungKhang@gmail.com', N'Nam',CAST(N'1997-04-20' AS DATE),CAST(N'2017-4-4' AS DATE),'0111112346', N'Nhân viên chính thức','111111',N'Nhân Viên','NV_0003',N'Huỳnh Công Truyền','CV_0002')

GO

INSERT INTO HopDong values('HDG_0001',CAST(N'2020-1-3' AS DATE),3,'KH_0001','NV_0001','X_0001'),
						  ('HDG_0002',CAST(N'2020-1-10'AS DATE),3,'KH_0002','NV_0001','X_0002'),
						  ('HDG_0003',CAST(N'2020-1-15' AS DATE),3,'KH_0003','NV_0001','X_0003'),
						  ('HDG_0004',CAST(N'2020-1-15' AS DATE),3,'KH_0004','NV_0002','X_0004'),
						  ('HDG_0005',CAST(N'2020-1-15' AS DATE),3,'KH_0005','NV_0002','X_0005'),
						  ('HDG_0006',CAST(N'2020-1-17' AS DATE),3,'KH_0006','NV_0002','X_0006'),
						  ('HDG_0007',CAST(N'2020-2-3' AS DATE),3,'KH_0007','NV_0002','X_0007'),
						  ('HDG_0008',CAST(N'2020-2-5' AS DATE),3,'KH_0008','NV_0002','X_0008'),
						  ('HDG_0009',CAST(N'2020-2-5' AS DATE),3,'KH_0009','NV_0001','X_0009'),
						  ('HDG_0010',CAST(N'2020-2-5' AS DATE),3,'KH_0010','NV_0001','X_0010'),
						  ('HDG_0011',CAST(N'2020-2-6' AS DATE),3,'KH_0011','NV_0001','X_0011'),
						  ('HDG_0012',CAST(N'2020-2-7' AS DATE),3,'KH_0012','NV_0001','X_0012'),
						  ('HDG_0013',CAST(N'2020-3-2' AS DATE),3,'KH_0013','NV_0001','X_0013'),
						  ('HDG_0014',CAST(N'2020-3-3' AS DATE),3,'KH_0014','NV_0002','X_0014'),
						  ('HDG_0015',CAST(N'2020-3-3' AS DATE),3,'KH_0015','NV_0002','X_0015'),
						  ('HDG_0016',CAST(N'2020-3-3' AS DATE),3,'KH_0016','NV_0002','X_0016'),
						  ('HDG_0017',CAST(N'2020-3-3' AS DATE),3,'KH_0017','NV_0002','X_0017'),
						  ('HDG_0018',CAST(N'2020-3-5' AS DATE),3,'KH_0018','NV_0002','X_0018'),
						  ('HDG_0019',CAST(N'2020-3-5' AS DATE),3,'KH_0019','NV_0001','X_0019'),
						  ('HDG_0020',CAST(N'2020-3-5' AS DATE),3,'KH_0020','NV_0001','X_0020'),
						  ('HDG_0021',CAST(N'2020-3-5' AS DATE),3,'KH_0021','NV_0001','X_0021')
GO
select * from NhanVien
/*INSERT INTO PhieuNhap values('PN_0001','NV_0001','NCC_0001',CAST(N'2020-1-1' AS DATE),''),
							('PN_0002','NV_0002','NCC_0002',CAST(N'2020-3-6' AS DATE),''),
							('PN_0003','NV_0003','NCC_0003',CAST(N'2020-8-7' AS DATE),'')
GO*/

/*select * from HoaDon
select * from ChiTietHoaDon

select ROW_NUMBER() OVER (ORDER BY TaiKhoan.maNhanVien), TaiKhoan.*, tenNhanVien
from TaiKhoan, NhanVien
				where TaiKhoan.maNhanvien = NhanVien.maNhanVien
go
select hd.*, kh.tenKhachHang, kh.CMND, nv.tenNhanVien from HoaDon hd, KhachHang kh, NhanVien nv
where hd.maKhachHang = kh.maKhachHang and hd.maNhanVien = nv.maNhanVien

SELECT NhanVien.maNhanVien, NhanVien.tenNhanVien, NhanVien.CMND, NhanVien.gioiTinh, NhanVien.diaChi, NhanVien.email, NhanVien.soDienThoai, NhanVien.ngayVaoLam, NhanVien.ngaySinh, ChucVu.tenChucVu
				FROM     NhanVien INNER JOIN
				                  ChucVu ON NhanVien.maChucVu = ChucVu.maChucVu AND NhanVien.maChucVu = ChucVu.maChucVu AND NhanVien.maChucVu = ChucVu.maChucVu AND NhanVien.maChucVu = ChucVu.maChucVu AND 
				                  NhanVien.maChucVu = ChucVu.maChucVu AND NhanVien.maChucVu = ChucVu.maChucVu AND NhanVien.maChucVu = ChucVu.maChucVu 
*/
